auction_id,bidder_id,bid_price,bid_time,bid_position,bid_increment_pct,is_winning_bid,bid_withdrawal,bidder_type,bidder_region,bidder_strategy,is_collusive_bidder,is_collusive_auction,market_competition
1,4,3564.4337456381104,2026-01-22 00:27:44.555973,0,0.0,False,False,Small,North,honest,False,True,normal
1,8,3564.4337456381104,2026-01-22 00:52:13.143277,1,0.0,False,False,Small,South,honest,False,True,normal
1,20,3564.4337456381104,2026-01-22 01:17:02.797510,2,0.0,False,False,Medium,Central,honest,False,True,normal
1,23,3564.4337456381104,2026-01-22 01:22:55.315034,3,0.0,False,False,Small,North,aggressive,True,True,normal
1,27,4159.863235270371,2026-01-22 02:03:33.864805,4,0.16704742804124295,True,False,Small,Central,collusive-prone,True,True,normal
2,1,3960.6932361467225,2026-01-22 08:45:15.732482,0,0.17110557683580832,False,False,Small,South,honest,False,False,normal
2,7,3960.6932361467225,2026-01-22 08:48:02.255933,1,0.17110557683580832,False,False,Small,Central,aggressive,True,False,normal
2,9,5030.793825270992,2026-01-22 08:52:43.995550,2,0.48751502664160273,False,False,Small,Central,aggressive,True,False,normal
2,14,6343.670965262251,2026-01-22 08:54:37.768154,3,0.8757091251676046,True,False,Small,East,aggressive,True,False,normal
2,16,6343.670965262251,2026-01-22 09:04:08.362495,4,0.8757091251676046,False,False,Small,South,aggressive,True,False,normal
2,23,6343.670965262251,2026-01-22 09:22:16.089773,5,0.8757091251676046,False,False,Small,North,aggressive,True,False,normal
2,26,6343.670965262251,2026-01-22 09:31:53.617203,6,0.8757091251676046,False,False,Medium,East,honest,False,False,normal
2,28,6343.670965262251,2026-01-22 09:44:45.991334,7,0.8757091251676046,False,False,Small,North,aggressive,True,False,normal
3,2,3568.766333696999,2026-01-22 06:20:27.499136,0,0.0,True,False,Small,North,aggressive,False,False,low
3,12,3568.766333696999,2026-01-22 06:36:36.467935,1,0.0,False,False,Small,West,honest,False,False,low
3,20,3568.766333696999,2026-01-22 07:08:08.176801,2,0.0,False,False,Medium,Central,honest,False,False,low
3,24,3568.766333696999,2026-01-22 08:39:12.735027,3,0.0,False,False,Small,North,honest,False,False,low
3,26,3568.766333696999,2026-01-22 09:02:11.395811,4,0.0,False,False,Medium,East,honest,False,False,low
4,1,4213.808541841006,2026-01-22 09:02:11.987791,0,0.2251497705686519,False,False,Small,South,honest,False,False,high
4,3,4213.808541841006,2026-01-22 09:03:14.493502,1,0.2251497705686519,False,False,Small,North,honest,False,False,high
4,6,4508.73767552765,2026-01-22 09:04:45.663929,2,0.31089936191395234,False,False,Medium,South,honest,False,False,high
4,7,4508.73767552765,2026-01-22 09:09:39.656697,3,0.31089936191395234,False,True,Small,Central,aggressive,True,False,high
4,8,4508.73767552765,2026-01-22 09:22:03.795448,4,0.31089936191395234,False,False,Small,South,honest,False,False,high
4,9,5773.151949040007,2026-01-22 09:24:00.878390,5,0.6785232920749071,True,False,Small,Central,aggressive,True,False,high
4,16,5773.151949040007,2026-01-22 09:27:00.615879,6,0.6785232920749071,False,False,Small,South,aggressive,True,False,high
4,17,5773.151949040007,2026-01-22 09:34:54.489154,7,0.6785232920749071,False,False,Large,North,honest,False,False,high
4,18,5773.151949040007,2026-01-22 09:39:39.936461,8,0.6785232920749071,False,False,Large,East,honest,False,False,high
4,20,5773.151949040007,2026-01-22 09:46:28.078077,9,0.6785232920749071,False,False,Medium,Central,honest,False,False,high
4,24,5773.151949040007,2026-01-22 09:46:56.087261,10,0.6785232920749071,False,False,Small,North,honest,False,False,high
4,25,5773.151949040007,2026-01-22 09:50:55.045800,11,0.6785232920749071,False,False,Small,East,honest,False,False,high
4,26,5773.151949040007,2026-01-22 10:06:57.856900,12,0.6785232920749071,False,False,Medium,East,honest,False,False,high
4,28,5773.151949040007,2026-01-22 11:21:08.076485,13,0.6785232920749071,False,False,Small,North,aggressive,True,False,high
5,4,3359.701152980851,2026-01-22 06:45:32.423829,0,0.0,False,False,Small,North,honest,False,True,normal
5,16,3359.701152980851,2026-01-22 06:47:58.883097,1,0.0,False,False,Small,South,aggressive,True,True,normal
5,22,3833.421298225774,2026-01-22 07:18:39.405704,2,0.1410006794278774,True,False,Small,North,honest,False,True,normal
5,23,3833.421298225774,2026-01-22 08:11:39.723091,3,0.1410006794278774,False,False,Small,North,aggressive,True,True,normal
5,25,3833.421298225774,2026-01-22 08:13:01.125141,4,0.1410006794278774,False,False,Small,East,honest,False,True,normal
5,28,3833.421298225774,2026-01-22 08:17:56.690926,5,0.1410006794278774,False,False,Small,North,aggressive,True,True,normal
6,17,3467.4976973639473,2026-01-21 16:26:05.470482,0,0.0,True,False,Large,North,honest,False,False,low
6,21,3717.2483715517715,2026-01-21 17:58:23.526329,1,0.07202619755960878,False,True,Small,West,honest,False,False,low
7,9,4368.988951418528,2026-01-22 10:08:39.303583,0,0.2019145239548974,False,False,Small,Central,aggressive,True,False,low
7,10,4368.988951418528,2026-01-22 10:17:54.510322,1,0.2019145239548974,False,False,Large,North,honest,False,False,low
7,14,5308.15551881751,2026-01-22 10:24:15.315166,2,0.4602804640663282,False,False,Small,East,aggressive,True,False,low
7,20,5308.15551881751,2026-01-22 10:34:52.484662,3,0.4602804640663282,False,False,Medium,Central,honest,False,False,low
7,22,5797.774728973991,2026-01-22 11:12:21.195514,4,0.5949753434624713,True,False,Small,North,honest,False,False,low
8,3,3446.9713048584676,2026-01-21 15:05:35.905387,0,0.0,False,False,Small,North,honest,False,False,normal
8,4,3446.9713048584676,2026-01-21 15:29:35.107281,1,0.0,False,False,Small,North,honest,False,False,normal
8,11,3648.0004284470947,2026-01-21 15:29:53.785407,2,0.05832050974874051,False,False,Medium,West,aggressive,False,False,normal
8,19,3951.4780339563413,2026-01-21 15:50:31.729063,3,0.14636232346546577,True,False,Small,South,honest,False,False,normal
8,26,3951.4780339563413,2026-01-21 19:20:20.132553,4,0.14636232346546577,False,False,Medium,East,honest,False,False,normal
8,28,3951.4780339563413,2026-01-21 19:54:13.697095,5,0.14636232346546577,False,True,Small,North,aggressive,True,False,normal
8,30,4081.226148676123,2026-01-22 05:40:43.370053,6,0.18400351721050892,False,True,Medium,South,honest,False,False,normal
9,6,3710.9629123076343,2026-01-21 18:38:35.447214,0,0.04438308087548873,False,False,Medium,South,honest,False,True,high
9,9,5037.566432976362,2026-01-21 18:41:58.253502,1,0.4177315364532149,False,False,Small,Central,aggressive,True,True,high
9,9,7526.107689251683,2026-01-21 19:20:33.794213,2,1.1180862544954968,False,True,Small,Central,aggressive,True,True,high
9,11,8365.43364965295,2026-01-21 19:25:55.572948,3,1.354299294910272,False,False,Medium,West,aggressive,False,True,high
9,13,8365.43364965295,2026-01-21 20:51:06.008193,4,1.354299294910272,False,False,Medium,Central,honest,False,True,high
9,14,10361.66569149369,2026-01-21 22:16:20.985564,5,1.9161025301529446,False,False,Small,East,aggressive,True,True,high
9,16,10361.66569149369,2026-01-21 23:33:43.662773,6,1.9161025301529446,False,False,Small,South,aggressive,True,True,high
9,19,11427.956058873082,2026-01-22 03:52:16.256096,7,2.216190578809581,True,False,Small,South,honest,False,True,high
9,24,11427.956058873082,2026-01-22 04:39:25.789483,8,2.216190578809581,False,False,Small,North,honest,False,True,high
9,25,11427.956058873082,2026-01-22 05:47:57.228996,9,2.216190578809581,False,False,Small,East,honest,False,True,high
10,2,3389.408007016961,2026-01-22 11:08:22.671740,0,0.0,False,False,Small,North,aggressive,False,False,high
10,3,3389.408007016961,2026-01-22 11:08:23.640196,1,0.0,False,False,Small,North,honest,False,False,high
10,12,3389.408007016961,2026-01-22 11:08:30.856528,2,0.0,False,False,Small,West,honest,False,False,high
10,14,4319.285827405562,2026-01-22 11:09:50.371594,3,0.2743481512003011,False,False,Small,East,aggressive,True,False,high
10,15,5363.770278709608,2026-01-22 11:10:59.960923,4,0.5825094729242394,False,False,Small,Central,honest,False,False,high
10,17,5363.770278709608,2026-01-22 11:13:17.331331,5,0.5825094729242394,False,False,Large,North,honest,False,False,high
10,21,6057.873438488871,2026-01-22 11:19:40.728181,6,0.7872954291567993,False,False,Small,West,honest,False,False,high
10,22,7050.458476398899,2026-01-22 11:26:11.795533,7,1.0801445154441736,True,False,Small,North,honest,False,False,high
10,23,7050.458476398899,2026-01-22 11:28:34.192613,8,1.0801445154441736,False,False,Small,North,aggressive,True,False,high
11,1,4640.72932966898,2026-01-22 05:14:37.834850,0,0.22502607933551855,False,False,Small,South,honest,False,False,high
11,5,6161.412559960138,2026-01-22 05:14:41.992843,1,0.626445012261677,False,False,Medium,Central,aggressive,False,False,high
11,8,6161.412559960138,2026-01-22 05:35:15.721014,2,0.626445012261677,False,False,Small,South,honest,False,False,high
11,10,6161.412559960138,2026-01-22 06:15:41.869007,3,0.626445012261677,False,False,Large,North,honest,False,False,high
11,12,6161.412559960138,2026-01-22 06:30:41.224457,4,0.626445012261677,False,False,Small,West,honest,False,False,high
11,16,6161.412559960138,2026-01-22 07:31:12.310323,5,0.626445012261677,False,True,Small,South,aggressive,True,False,high
11,18,6161.412559960138,2026-01-22 07:52:45.317650,6,0.626445012261677,False,False,Large,East,honest,False,False,high
11,21,6895.960585944833,2026-01-22 08:44:22.629570,7,0.8203456740828351,False,False,Small,West,honest,False,False,high
11,22,8224.433530489207,2026-01-22 09:35:06.625121,8,1.1710263294604648,False,True,Small,North,honest,False,False,high
11,25,8224.433530489207,2026-01-22 09:58:06.887198,9,1.1710263294604648,True,False,Small,East,honest,False,False,high
12,3,3734.592597073878,2026-01-22 10:26:53.898933,0,0.0,False,False,Small,North,honest,False,False,high
12,5,4821.793302305149,2026-01-22 10:32:15.500647,1,0.2911162802826506,False,False,Medium,Central,aggressive,False,False,high
12,11,5277.490255382253,2026-01-22 10:34:44.872156,2,0.41313680627902055,False,False,Medium,West,aggressive,False,False,high
12,12,5327.063641346857,2026-01-22 10:37:25.447687,3,0.4264109144115772,False,False,Small,West,honest,False,False,high
12,17,5327.063641346857,2026-01-22 10:47:22.937620,4,0.4264109144115772,False,False,Large,North,honest,False,False,high
12,23,5327.063641346857,2026-01-22 11:00:12.593376,5,0.4264109144115772,False,True,Small,North,aggressive,True,False,high
12,26,5327.063641346857,2026-01-22 11:13:01.013346,6,0.4264109144115772,False,False,Medium,East,honest,False,False,high
12,30,5592.053348543908,2026-01-22 12:16:20.142701,7,0.4973663667960422,True,False,Medium,South,honest,False,False,high
13,6,4173.4667740769155,2026-01-21 17:03:48.103315,0,0.045514313450004146,False,False,Medium,South,honest,False,True,high
13,8,4173.4667740769155,2026-01-21 17:48:38.310020,1,0.045514313450004146,False,True,Small,South,honest,False,True,high
13,9,5625.190631102575,2026-01-21 17:55:04.903391,2,0.4091923187775726,False,False,Small,Central,aggressive,True,True,high
13,16,5625.190631102575,2026-01-21 17:56:44.410145,3,0.4091923187775726,False,False,Small,South,aggressive,True,True,high
13,18,5625.190631102575,2026-01-21 18:01:52.632946,4,0.4091923187775726,False,False,Large,East,honest,False,True,high
13,26,5625.190631102575,2026-01-21 18:37:31.382913,5,0.4091923187775726,False,False,Medium,East,honest,False,True,high
13,27,7015.676027174365,2026-01-21 18:44:13.907000,6,0.757529196230682,True,False,Small,Central,collusive-prone,True,True,high
13,28,7015.676027174365,2026-01-21 19:54:36.291413,7,0.757529196230682,False,False,Small,North,aggressive,True,True,high
14,23,3510.1215558501813,2026-01-22 09:25:25.822616,0,0.0,True,False,Small,North,aggressive,True,True,low
14,25,3510.1215558501813,2026-01-22 09:41:22.362070,1,0.0,False,False,Small,East,honest,False,True,low
15,7,3733.1861385413804,2026-01-22 04:17:10.109867,0,0.0,True,False,Small,Central,aggressive,True,True,normal
15,7,3733.1861385413804,2026-01-22 04:58:52.448683,1,0.0,False,False,Small,Central,aggressive,True,True,normal
15,8,3733.1861385413804,2026-01-22 04:59:12.522664,2,0.0,False,False,Small,South,honest,False,True,normal
15,16,3733.1861385413804,2026-01-22 05:01:01.278457,3,0.0,False,False,Small,South,aggressive,True,True,normal
15,17,3733.1861385413804,2026-01-22 05:09:57.788453,4,0.0,False,False,Large,North,honest,False,True,normal
15,23,3733.1861385413804,2026-01-22 05:12:47.042617,5,0.0,False,False,Small,North,aggressive,True,True,normal
15,28,3733.1861385413804,2026-01-22 06:38:02.060928,6,0.0,False,True,Small,North,aggressive,True,True,normal
16,5,4626.02187099525,2026-01-21 14:10:10.893260,0,0.26369936493851354,False,False,Medium,Central,aggressive,False,False,normal
16,6,4807.748250539306,2026-01-21 16:15:20.499482,1,0.31334191242888954,False,False,Medium,South,honest,False,False,normal
16,12,4807.748250539306,2026-01-21 17:34:57.903039,2,0.31334191242888954,False,False,Small,West,honest,False,False,normal
16,17,4807.748250539306,2026-01-21 17:46:05.939916,3,0.31334191242888954,False,False,Large,North,honest,False,False,normal
16,22,5489.3576989171925,2026-01-21 17:52:07.340826,4,0.4995384871687995,True,False,Small,North,honest,False,False,normal
16,23,5489.3576989171925,2026-01-21 18:01:55.289083,5,0.4995384871687995,False,False,Small,North,aggressive,True,False,normal
16,24,5489.3576989171925,2026-01-21 18:18:48.646280,6,0.4995384871687995,False,False,Small,North,honest,False,False,normal
16,25,5489.3576989171925,2026-01-21 19:48:08.981457,7,0.4995384871687995,False,False,Small,East,honest,False,False,normal
16,26,5489.3576989171925,2026-01-21 21:01:19.597983,8,0.4995384871687995,False,False,Medium,East,honest,False,False,normal
17,1,4325.114845873811,2026-01-21 22:50:07.315462,0,0.15175906589493435,False,False,Small,South,honest,False,False,low
17,14,5235.5824017521145,2026-01-21 23:35:42.322871,1,0.3942125726928979,True,False,Small,East,aggressive,True,False,low
17,30,5235.5824017521145,2026-01-22 00:50:17.264117,2,0.3942125726928979,False,False,Medium,South,honest,False,False,low
18,1,4273.646065393116,2026-01-22 08:38:42.626559,0,0.17110557683580824,False,False,Small,South,honest,False,False,normal
18,11,4548.213117472631,2026-01-22 08:40:47.798517,1,0.24634507982354797,False,False,Medium,West,aggressive,False,False,normal
18,16,4548.213117472631,2026-01-22 08:44:04.335443,2,0.24634507982354797,False,False,Small,South,aggressive,True,False,normal
18,18,4548.213117472631,2026-01-22 08:44:29.798522,3,0.24634507982354797,False,False,Large,East,honest,False,False,normal
18,19,4951.381216285663,2026-01-22 08:45:09.735812,4,0.3568250778621315,False,False,Small,South,honest,False,False,normal
18,21,5439.681655989127,2026-01-22 08:50:14.138040,5,0.4906338583174923,False,False,Small,West,honest,False,False,normal
18,22,6187.85225478742,2026-01-22 08:56:33.703365,6,0.6956547578656326,False,False,Small,North,honest,False,False,normal
18,24,6187.85225478742,2026-01-22 09:07:52.133610,7,0.6956547578656326,False,False,Small,North,honest,False,False,normal
18,25,6187.85225478742,2026-01-22 11:06:33.621568,8,0.6956547578656326,False,False,Small,East,honest,False,False,normal
18,27,7340.189644742955,2026-01-22 11:25:16.229565,9,1.011429326728815,True,False,Small,Central,collusive-prone,True,False,normal
19,5,4474.113085999613,2026-01-22 00:11:57.238354,0,0.2828617955076538,False,False,Medium,Central,aggressive,False,True,high
19,7,4474.113085999613,2026-01-22 00:15:45.926392,1,0.2828617955076538,False,False,Small,Central,aggressive,True,True,high
19,8,4474.113085999613,2026-01-22 00:17:09.783710,2,0.2828617955076538,False,False,Small,South,honest,False,True,high
19,9,6245.527799956063,2026-01-22 00:26:08.785503,3,0.7907792792310514,False,False,Small,Central,aggressive,True,True,high
19,12,6381.797981888086,2026-01-22 01:29:44.809728,4,0.8298520087099961,False,False,Small,West,honest,False,True,high
19,14,8601.220323669031,2026-01-22 01:40:33.400759,5,1.466226654508824,False,False,Small,East,aggressive,True,True,high
19,19,9462.131117088411,2026-01-22 02:18:54.839691,6,1.713075481301755,False,False,Small,South,honest,False,True,high
19,22,10731.563037651653,2026-01-22 04:03:23.788146,7,2.0770595115633967,True,False,Small,North,honest,False,True,high
19,28,10731.563037651653,2026-01-22 04:20:37.483654,8,2.0770595115633967,False,False,Small,North,aggressive,True,True,high
20,5,4749.255078016743,2026-01-22 05:42:47.676897,0,0.26369936493851365,False,False,Medium,Central,aggressive,False,False,normal
20,7,4749.255078016743,2026-01-22 05:52:43.374570,1,0.26369936493851365,False,False,Small,Central,aggressive,True,False,normal
20,11,5050.297132889578,2026-01-22 06:03:12.392740,2,0.34380174885204534,False,False,Medium,West,aggressive,False,False,normal
20,12,5050.297132889578,2026-01-22 06:09:10.544467,3,0.34380174885204534,False,False,Small,West,honest,False,False,normal
20,14,6368.253476317326,2026-01-22 06:13:17.513190,4,0.6944884495760318,False,False,Small,East,aggressive,True,False,normal
20,17,6368.253476317326,2026-01-22 06:14:31.388838,5,0.6944884495760318,False,False,Large,North,honest,False,False,normal
20,19,6924.6210072959075,2026-01-22 06:14:37.604483,6,0.8425287809586208,False,False,Small,South,honest,False,False,normal
20,24,6924.6210072959075,2026-01-22 08:01:55.098900,7,0.8425287809586208,False,False,Small,North,honest,False,False,normal
20,27,8349.556568728081,2026-01-22 08:04:15.194740,8,1.2216809078669313,False,False,Small,Central,collusive-prone,True,False,normal
20,28,8349.556568728081,2026-01-22 09:10:29.593720,9,1.2216809078669313,False,False,Small,North,aggressive,True,False,normal
20,29,8445.532663516819,2026-01-22 10:03:16.983896,10,1.2472185823109103,True,False,Small,North,honest,False,False,normal
21,5,4733.9779095381455,2026-01-22 05:14:17.006310,0,0.2636993649385135,False,False,Medium,Central,aggressive,False,False,normal
21,17,4733.9779095381455,2026-01-22 05:51:28.323255,1,0.2636993649385135,False,False,Large,North,honest,False,False,normal
21,20,4733.9779095381455,2026-01-22 06:55:26.721476,2,0.2636993649385135,False,False,Medium,Central,honest,False,False,normal
21,25,4733.9779095381455,2026-01-22 08:59:56.185469,3,0.2636993649385135,False,False,Small,East,honest,False,False,normal
21,27,5635.391421446227,2026-01-22 09:01:27.723725,4,0.5043248398166528,True,False,Small,Central,collusive-prone,True,False,normal
22,4,3982.3184245654174,2026-01-22 11:08:33.863414,0,0.0,False,False,Small,North,honest,False,False,high
22,9,5285.311330534916,2026-01-22 11:11:56.424929,1,0.32719455529518376,False,False,Small,Central,aggressive,True,False,high
22,14,6648.339363276747,2026-01-22 11:13:28.220531,2,0.6694645315818176,False,False,Small,East,aggressive,True,False,high
22,17,6648.339363276747,2026-01-22 11:19:54.409782,3,0.6694645315818176,False,False,Large,North,honest,False,False,high
22,22,7843.708161757598,2026-01-22 11:21:41.539024,4,0.9696335966940077,False,False,Small,North,honest,False,False,high
22,23,7843.708161757598,2026-01-22 11:24:03.282881,5,0.9696335966940077,False,False,Small,North,aggressive,True,False,high
22,24,7843.708161757598,2026-01-22 11:54:05.285962,6,0.9696335966940077,False,False,Small,North,honest,False,False,high
22,27,9714.806356928835,2026-01-22 11:59:48.501677,7,1.4394850740718939,True,False,Small,Central,collusive-prone,True,False,high
23,1,4308.113360038326,2026-01-21 19:24:59.352964,0,0.18431221229995803,False,False,Small,South,honest,False,False,high
23,7,4308.113360038326,2026-01-21 19:54:51.193669,1,0.18431221229995803,False,False,Small,Central,aggressive,True,False,high
23,8,4308.113360038326,2026-01-21 20:18:59.084751,2,0.18431221229995803,False,False,Small,South,honest,False,False,high
23,9,5685.760299322562,2026-01-21 20:35:08.855893,3,0.5630311451781458,False,False,Small,Central,aggressive,True,False,high
23,10,5685.760299322562,2026-01-21 21:10:25.473166,4,0.5630311451781458,False,False,Large,North,honest,False,False,high
23,11,6019.581297956982,2026-01-21 21:10:32.155688,5,0.6547994558897734,False,False,Medium,West,aggressive,False,False,high
23,12,6106.3221629170675,2026-01-21 21:14:41.910621,6,0.678644758251264,False,True,Small,West,honest,False,False,high
23,13,6106.3221629170675,2026-01-21 22:00:31.274362,7,0.678644758251264,False,True,Medium,Central,honest,False,False,high
23,15,7446.148297905367,2026-01-21 22:33:09.457112,8,1.0469666480009754,False,False,Small,Central,honest,False,False,high
23,21,8427.896232521365,2026-01-22 02:31:32.016994,9,1.3168518555609836,False,False,Small,West,honest,False,False,high
23,22,9801.040343109753,2026-01-22 04:24:23.945893,10,1.6943329484454857,False,False,Small,North,honest,False,False,high
23,25,9801.040343109753,2026-01-22 04:34:47.221517,11,1.6943329484454857,False,False,Small,East,honest,False,False,high
23,26,9801.040343109753,2026-01-22 05:01:47.398276,12,1.6943329484454857,False,False,Medium,East,honest,False,False,high
23,27,11821.880396238423,2026-01-22 07:09:52.225470,13,2.2498674374459995,True,False,Small,Central,collusive-prone,True,False,high
24,2,3621.0577718862073,2026-01-21 16:54:47.125031,0,0.0,False,False,Small,North,aggressive,False,False,normal
24,4,3621.0577718862073,2026-01-21 17:31:07.717508,1,0.0,False,False,Small,North,honest,False,False,normal
24,6,3750.7198174694386,2026-01-21 17:48:26.949854,2,0.03580778152448265,False,False,Medium,South,honest,False,False,normal
24,11,3932.3493056808616,2026-01-21 18:04:21.538694,3,0.0859670166578156,False,False,Medium,West,aggressive,False,False,normal
24,13,3932.3493056808616,2026-01-21 20:36:44.064197,4,0.0859670166578156,False,False,Medium,Central,honest,False,False,normal
24,28,3932.3493056808616,2026-01-22 00:25:07.245624,5,0.0859670166578156,False,False,Small,North,aggressive,True,False,normal
24,29,3972.9001322566905,2026-01-22 04:51:42.699462,6,0.09716563019297222,True,False,Small,North,honest,False,False,normal
25,5,5123.144524705697,2026-01-21 18:30:55.768848,0,0.26369936493851365,False,False,Medium,Central,aggressive,False,False,normal
25,6,5267.785651980504,2026-01-21 18:49:58.746695,1,0.29937723812747347,False,False,Medium,South,honest,False,False,normal
25,7,5267.785651980504,2026-01-21 20:54:24.821930,2,0.29937723812747347,False,False,Small,Central,aggressive,True,False,normal
25,10,5267.785651980504,2026-01-21 21:11:33.800199,3,0.29937723812747347,False,False,Large,North,honest,False,False,normal
25,11,5587.545252519239,2026-01-21 21:14:10.018291,4,0.3782506726334041,True,False,Medium,West,aggressive,False,False,normal
25,12,5587.545252519239,2026-01-21 21:53:52.127606,5,0.3782506726334041,False,False,Small,West,honest,False,False,normal
25,16,5587.545252519239,2026-01-21 22:53:20.802183,6,0.3782506726334041,False,False,Small,South,aggressive,True,False,normal
25,23,5587.545252519239,2026-01-22 01:53:43.437004,7,0.3782506726334041,False,False,Small,North,aggressive,True,False,normal
26,7,3844.607051862236,2026-01-21 17:33:30.224006,0,0.0,False,False,Small,Central,aggressive,True,False,normal
26,8,3844.607051862236,2026-01-21 17:43:32.981119,1,0.0,False,False,Small,South,honest,False,False,normal
26,14,4840.202223581281,2026-01-21 18:03:51.381585,2,0.2589588892411781,True,False,Small,East,aggressive,True,False,normal
26,17,4840.202223581281,2026-01-21 20:42:43.250158,3,0.2589588892411781,False,False,Large,North,honest,False,False,normal
26,20,4840.202223581281,2026-01-22 04:46:58.240851,4,0.2589588892411781,False,False,Medium,Central,honest,False,False,normal
27,5,4496.649816255243,2026-01-21 17:51:16.389461,0,0.29735647392944525,False,False,Medium,Central,aggressive,False,False,high
27,11,4802.424020612146,2026-01-21 18:25:53.926261,1,0.38557729605106156,False,False,Medium,West,aggressive,False,False,high
27,12,4802.424020612146,2026-01-21 18:26:18.149517,2,0.38557729605106156,False,True,Small,West,honest,False,False,high
27,13,4802.424020612146,2026-01-21 18:32:25.862974,3,0.38557729605106156,False,False,Medium,Central,honest,False,False,high
27,14,6033.996507186379,2026-01-21 18:34:11.844550,4,0.7409059526866111,False,False,Small,East,aggressive,True,False,high
27,17,6033.996507186379,2026-01-21 19:26:38.491599,5,0.7409059526866111,False,False,Large,North,honest,False,False,high
27,18,6033.996507186379,2026-01-21 19:55:09.070293,6,0.7409059526866111,False,False,Large,East,honest,False,False,high
27,19,6829.504092236258,2026-01-21 21:06:12.716082,7,0.9704228058321654,False,False,Small,South,honest,False,False,high
27,21,7676.909217590311,2026-01-21 21:35:09.075300,8,1.2149129418985378,False,False,Small,West,honest,False,False,high
27,22,9054.286949901103,2026-01-21 22:00:58.989387,9,1.6123087790393134,False,False,Small,North,honest,False,False,high
27,23,9054.286949901103,2026-01-21 23:25:02.335597,10,1.6123087790393134,False,False,Small,North,aggressive,True,False,high
27,26,9054.286949901103,2026-01-22 00:06:57.270408,11,1.6123087790393134,False,False,Medium,East,honest,False,False,high
27,28,9054.286949901103,2026-01-22 02:05:02.826888,12,1.6123087790393134,False,False,Small,North,aggressive,True,False,high
27,29,9295.447910050429,2026-01-22 04:54:57.032440,13,1.6818876312278352,True,False,Small,North,honest,False,False,high
28,1,4289.608896628,2026-01-22 09:41:36.426354,0,0.17110557683580818,False,False,Small,South,honest,False,False,normal
28,5,5478.964964527349,2026-01-22 09:42:26.454263,1,0.4958115249830493,False,False,Medium,Central,aggressive,False,False,normal
28,10,5478.964964527349,2026-01-22 09:46:06.349375,2,0.4958115249830493,False,False,Large,North,honest,False,False,normal
28,11,5802.199773811263,2026-01-22 09:48:21.977034,3,0.5840578189697615,False,False,Medium,West,aggressive,False,False,normal
28,17,5802.199773811263,2026-01-22 09:48:28.852741,4,0.5840578189697615,False,False,Large,North,honest,False,False,normal
28,23,5802.199773811263,2026-01-22 09:51:02.324910,5,0.5840578189697615,False,False,Small,North,aggressive,True,False,normal
28,27,6947.383742653517,2026-01-22 09:56:58.234342,6,0.8967043479967719,False,False,Small,Central,collusive-prone,True,False,normal
28,30,7102.187482138406,2026-01-22 10:30:59.569966,7,0.9389672971360983,True,False,Medium,South,honest,False,False,normal
29,2,3973.626737512482,2026-01-22 01:18:52.648148,0,0.0,True,False,Small,North,aggressive,False,True,normal
29,7,3973.626737512482,2026-01-22 01:22:09.477487,1,0.0,False,False,Small,Central,aggressive,True,True,normal
29,14,5093.705500100376,2026-01-22 02:53:18.301397,2,0.28187820260366764,False,True,Small,East,aggressive,True,True,normal
29,27,6452.259320867081,2026-01-22 04:38:08.553562,3,0.6237708640208719,False,True,Small,Central,collusive-prone,True,True,normal
30,12,3611.0191122152437,2026-01-21 16:40:32.804991,0,0.0,True,False,Small,West,honest,False,False,low
30,16,3611.0191122152437,2026-01-21 16:45:20.657240,1,0.0,False,False,Small,South,aggressive,True,False,low
30,20,3611.0191122152437,2026-01-21 17:13:30.573004,2,0.0,False,False,Medium,Central,honest,False,False,low
31,7,3735.5993102743255,2026-01-22 02:39:01.689009,0,0.0,False,True,Small,Central,aggressive,True,False,normal
31,9,4802.913200669562,2026-01-22 02:42:02.650394,1,0.28571423264259505,False,False,Small,Central,aggressive,True,False,normal
31,10,4802.913200669562,2026-01-22 02:43:18.729046,2,0.28571423264259505,False,False,Large,North,honest,False,False,normal
31,15,5806.325976363964,2026-01-22 02:43:39.206576,3,0.5543224778938012,False,False,Small,Central,honest,False,False,normal
31,19,6280.463366771549,2026-01-22 03:14:20.700680,4,0.6812465270292439,False,False,Small,South,honest,False,False,normal
31,22,7138.5205100625435,2026-01-22 05:19:32.991662,5,0.9109438451894143,False,False,Small,North,honest,False,False,normal
31,29,7284.345583207007,2026-01-22 05:45:41.541926,6,0.949980439061618,True,False,Small,North,honest,False,False,normal
32,5,5236.118538554907,2026-01-22 10:26:53.799347,0,0.3118335594712788,False,False,Medium,Central,aggressive,False,False,high
32,6,5541.944445419468,2026-01-22 10:31:05.064071,1,0.38845380498836984,False,False,Medium,South,honest,False,False,high
32,8,5541.944445419468,2026-01-22 10:36:27.823536,2,0.38845380498836984,False,False,Small,South,honest,False,False,high
32,9,7377.148477637834,2026-01-22 10:40:54.674176,3,0.8482375589683728,False,False,Small,Central,aggressive,True,False,high
32,10,7377.148477637834,2026-01-22 10:49:53.139813,4,0.8482375589683728,False,False,Large,North,honest,False,False,high
32,14,9510.92891177613,2026-01-22 10:50:11.543415,5,1.3828253001424562,True,False,Small,East,aggressive,True,False,high
32,17,9510.92891177613,2026-01-22 10:57:15.781525,6,1.3828253001424562,False,False,Large,North,honest,False,False,high
32,18,9510.92891177613,2026-01-22 10:58:05.553868,7,1.3828253001424562,False,False,Large,East,honest,False,False,high
32,20,9510.92891177613,2026-01-22 10:59:03.709499,8,1.3828253001424562,False,False,Medium,Central,honest,False,False,high
32,24,9510.92891177613,2026-01-22 11:14:36.789497,9,1.3828253001424562,False,False,Small,North,honest,False,False,high
32,26,9510.92891177613,2026-01-22 11:14:36.789497,10,1.3828253001424562,False,False,Medium,East,honest,False,False,high
32,28,9510.92891177613,2026-01-22 11:49:58.619805,11,1.3828253001424562,False,False,Small,North,aggressive,True,False,high
33,6,3630.749456700851,2026-01-22 02:21:36.619579,0,0.012500556015494213,False,False,Medium,South,honest,False,False,normal
33,10,3630.749456700851,2026-01-22 02:24:51.505822,1,0.012500556015494213,False,False,Large,North,honest,False,False,normal
33,11,3855.113981563765,2026-01-22 02:40:32.642380,2,0.07506868661304687,False,False,Medium,West,aggressive,False,False,normal
33,12,3855.113981563765,2026-01-22 05:34:30.253222,3,0.07506868661304687,False,False,Small,West,honest,False,False,normal
33,22,4376.565298396616,2026-01-22 09:33:35.617644,4,0.22048487534340966,True,False,Small,North,honest,False,False,normal
34,2,3625.448436550137,2026-01-21 23:09:37.619646,0,0.0,False,False,Small,North,aggressive,False,False,high
34,3,3625.448436550137,2026-01-21 23:35:59.847126,1,0.0,False,False,Small,North,honest,False,False,high
34,5,4647.7300537284955,2026-01-21 23:45:51.867594,2,0.2819738399454743,False,False,Medium,Central,aggressive,False,False,high
34,6,5044.758495993616,2026-01-22 00:10:04.356227,3,0.3914853801628053,False,False,Medium,South,honest,False,False,high
34,8,5044.758495993616,2026-01-22 01:45:27.064741,4,0.3914853801628053,False,False,Small,South,honest,False,False,high
34,11,5375.470110753156,2026-01-22 01:56:04.311752,5,0.48270488598323164,False,False,Medium,West,aggressive,False,False,high
34,12,5551.886998536474,2026-01-22 02:06:45.418138,6,0.5313655939951735,False,False,Small,West,honest,False,False,high
34,15,6916.936570841095,2026-01-22 02:16:49.378255,7,0.9078844153753941,False,False,Small,Central,honest,False,False,high
34,16,6916.936570841095,2026-01-22 02:26:14.659434,8,0.9078844153753941,False,False,Small,South,aggressive,True,False,high
34,19,7753.23865794187,2026-01-22 02:42:16.349649,9,1.1385599033149147,False,False,Small,South,honest,False,False,high
34,20,7753.23865794187,2026-01-22 02:54:11.888335,10,1.1385599033149147,False,True,Medium,Central,honest,False,False,high
34,26,7753.23865794187,2026-01-22 02:55:07.817188,11,1.1385599033149147,False,False,Medium,East,honest,False,False,high
34,27,9579.677523184524,2026-01-22 06:03:45.513984,12,1.6423427862348097,False,False,Small,Central,collusive-prone,True,False,high
34,29,10164.220471201737,2026-01-22 06:07:47.891937,13,1.8035760676474246,True,False,Small,North,honest,False,False,high
35,10,3391.838369470725,2026-01-21 20:15:01.553261,0,0.0,False,False,Large,North,honest,False,False,high
35,11,3642.109246219694,2026-01-21 20:29:28.297482,1,0.07378620367102638,False,False,Medium,West,aggressive,False,False,high
35,14,4716.9352511360785,2026-01-21 20:32:22.636606,2,0.3906721775401481,False,False,Small,East,aggressive,True,False,high
35,15,5877.6854422544775,2026-01-21 20:58:58.642255,3,0.732890781340991,False,False,Small,Central,honest,False,False,high
35,17,5877.6854422544775,2026-01-21 23:18:47.757766,4,0.732890781340991,False,False,Large,North,honest,False,False,high
35,21,6671.024456170772,2026-01-21 23:26:55.692944,5,0.9667872491258314,False,False,Small,West,honest,False,False,high
35,22,7730.631153848839,2026-01-22 00:04:32.935518,6,1.2791861851174104,False,False,Small,North,honest,False,False,high
35,26,7730.631153848839,2026-01-22 00:15:40.403829,7,1.2791861851174104,False,False,Medium,East,honest,False,False,high
35,27,9595.40000840943,2026-01-22 01:34:17.096272,8,1.8289673513855356,False,False,Small,Central,collusive-prone,True,False,high
35,28,9595.40000840943,2026-01-22 04:37:26.174275,9,1.8289673513855356,False,False,Small,North,aggressive,True,False,high
35,29,9962.90795308013,2026-01-22 06:38:32.688340,10,1.9373180169062063,True,False,Small,North,honest,False,False,high
36,2,3857.915582002967,2026-01-21 20:31:14.997459,0,0.0,False,False,Small,North,aggressive,False,False,low
36,3,3857.915582002967,2026-01-21 20:59:39.225337,1,0.0,False,False,Small,North,honest,False,False,low
36,5,4807.809787417536,2026-01-21 22:31:51.029119,2,0.24621954141396737,True,False,Medium,Central,aggressive,False,False,low
36,24,4807.809787417536,2026-01-22 00:39:17.326900,3,0.24621954141396737,False,False,Small,North,honest,False,False,low
36,29,4807.809787417536,2026-01-22 01:11:10.656967,4,0.24621954141396737,False,False,Small,North,honest,False,False,low
37,7,4121.436716802426,2026-01-22 04:58:18.634065,0,0.0,False,True,Small,Central,aggressive,True,False,normal
37,10,4121.436716802426,2026-01-22 05:52:19.141625,1,0.0,False,False,Large,North,honest,False,False,normal
37,14,5165.013465336783,2026-01-22 06:01:21.446924,2,0.25320702954866786,False,False,Small,East,aggressive,True,False,normal
37,17,5165.013465336783,2026-01-22 06:45:31.513601,3,0.25320702954866786,False,False,Large,North,honest,False,False,normal
37,23,5165.013465336783,2026-01-22 09:42:40.653018,4,0.25320702954866786,False,False,Small,North,aggressive,True,False,normal
37,27,6109.832883183265,2026-01-22 10:21:33.553371,5,0.48245218912969623,True,False,Small,Central,collusive-prone,True,False,normal
38,6,3654.508749395878,2026-01-21 16:21:35.167159,0,0.0,False,False,Medium,South,honest,False,False,low
38,8,3654.508749395878,2026-01-21 22:20:23.890269,1,0.0,False,False,Small,South,honest,False,False,low
38,9,4528.027726982854,2026-01-22 03:09:33.498582,2,0.2390250065022764,True,False,Small,Central,aggressive,True,False,low
39,1,4539.25443391072,2026-01-21 19:16:51.628613,0,0.17414465105971522,False,False,Small,South,honest,False,False,high
39,2,4539.25443391072,2026-01-21 19:20:46.860442,1,0.17414465105971522,False,False,Small,North,aggressive,False,False,high
39,6,4857.820545591673,2026-01-21 20:04:18.099457,2,0.25654644225361245,False,False,Medium,South,honest,False,False,high
39,11,5388.7939089005995,2026-01-21 20:41:09.661664,3,0.39389048045665465,False,False,Medium,West,aggressive,False,False,high
39,12,5388.7939089005995,2026-01-21 20:52:06.623060,4,0.39389048045665465,False,False,Small,West,honest,False,False,high
39,16,5388.7939089005995,2026-01-21 21:47:17.543523,5,0.39389048045665465,False,False,Small,South,aggressive,True,False,high
39,19,6047.760587637057,2026-01-21 23:07:05.737469,6,0.5643418645616892,False,False,Small,South,honest,False,False,high
39,20,6047.760587637057,2026-01-21 23:42:09.772012,7,0.5643418645616892,False,False,Medium,Central,honest,False,False,high
39,24,6047.760587637057,2026-01-22 00:04:21.045985,8,0.5643418645616892,False,False,Small,North,honest,False,False,high
39,27,7418.068533321072,2026-01-22 01:45:21.296057,9,0.9187920872039476,True,False,Small,Central,collusive-prone,True,False,high
40,3,3651.849426269623,2026-01-22 07:12:48.107255,0,0.0,False,False,Small,North,honest,False,False,high
40,12,3701.672958656667,2026-01-22 07:15:26.713585,1,0.013643369857650158,False,False,Small,West,honest,False,False,high
40,13,3733.5909787848686,2026-01-22 07:55:37.767082,2,0.02238360429847865,False,False,Medium,Central,honest,False,False,high
40,16,3733.5909787848686,2026-01-22 08:06:20.476835,3,0.02238360429847865,False,False,Small,South,aggressive,True,False,high
40,18,3733.5909787848686,2026-01-22 08:38:58.906959,4,0.02238360429847865,False,False,Large,East,honest,False,False,high
40,26,3733.5909787848686,2026-01-22 08:48:22.515084,5,0.02238360429847865,False,False,Medium,East,honest,False,False,high
40,28,3733.5909787848686,2026-01-22 10:09:35.574739,6,0.02238360429847865,False,False,Small,North,aggressive,True,False,high
40,30,3869.4374709656568,2026-01-22 10:43:49.670792,7,0.059582972707147075,True,False,Medium,South,honest,False,False,high
41,2,3754.049980551058,2026-01-22 05:52:46.359020,0,0.0,False,False,Small,North,aggressive,False,False,low
41,9,4694.525350240633,2026-01-22 05:59:07.248242,1,0.2505228685185279,True,False,Small,Central,aggressive,True,False,low
41,25,4694.525350240633,2026-01-22 06:39:21.784132,2,0.2505228685185279,False,False,Small,East,honest,False,False,low
41,29,4791.635357246596,2026-01-22 08:02:43.538121,3,0.27639093301129425,False,True,Small,North,honest,False,False,low
42,1,4204.744331110894,2026-01-22 07:31:14.618981,0,0.1711055768358083,False,False,Small,South,honest,False,False,normal
42,4,4204.744331110894,2026-01-22 07:34:31.772535,1,0.1711055768358083,False,False,Small,North,honest,False,False,normal
42,8,4204.744331110894,2026-01-22 07:37:51.311517,2,0.1711055768358083,False,False,Small,South,honest,False,False,normal
42,13,4204.744331110894,2026-01-22 07:44:29.792101,3,0.1711055768358083,False,False,Medium,Central,honest,False,False,normal
42,14,5221.467498352037,2026-01-22 07:48:35.257217,4,0.45428335828719296,False,False,Small,East,aggressive,True,False,normal
42,16,5221.467498352037,2026-01-22 07:48:41.322486,5,0.45428335828719296,False,False,Small,South,aggressive,True,False,normal
42,19,5680.687112678502,2026-01-22 07:58:18.178308,6,0.5821852255543584,True,False,Small,South,honest,False,False,normal
42,23,5680.687112678502,2026-01-22 08:03:31.039476,7,0.5821852255543584,False,False,Small,North,aggressive,True,False,normal
42,24,5680.687112678502,2026-01-22 08:09:12.393388,8,0.5821852255543584,False,False,Small,North,honest,False,False,normal
42,28,5680.687112678502,2026-01-22 08:58:36.161418,9,0.5821852255543584,False,False,Small,North,aggressive,True,False,normal
43,6,3855.5226316570183,2026-01-21 22:01:58.991102,0,0.012500556015494213,True,False,Medium,South,honest,False,True,normal
43,7,3855.5226316570183,2026-01-21 23:22:31.011683,1,0.012500556015494213,False,False,Small,Central,aggressive,True,True,normal
43,16,3855.5226316570183,2026-01-22 03:45:01.598610,2,0.012500556015494213,False,False,Small,South,aggressive,True,True,normal
43,23,3855.5226316570183,2026-01-22 06:44:42.090237,3,0.012500556015494213,False,True,Small,North,aggressive,True,True,normal
43,28,3855.5226316570183,2026-01-22 06:54:41.897474,4,0.012500556015494213,False,False,Small,North,aggressive,True,True,normal
44,8,4034.2744654877997,2026-01-21 17:34:24.559561,0,0.0,False,False,Small,South,honest,False,False,normal
44,17,4034.2744654877997,2026-01-21 18:04:43.513003,1,0.0,False,False,Large,North,honest,False,False,normal
44,18,4034.2744654877997,2026-01-21 18:12:42.541956,2,0.0,False,False,Large,East,honest,False,False,normal
44,20,4034.2744654877997,2026-01-21 18:13:09.919160,3,0.0,False,False,Medium,Central,honest,False,False,normal
44,21,4414.958226881632,2026-01-21 18:46:52.584796,4,0.09436238526914464,True,False,Small,West,honest,False,False,normal
44,23,4414.958226881632,2026-01-21 20:51:06.302148,5,0.09436238526914464,False,False,Small,North,aggressive,True,False,normal
44,24,4414.958226881632,2026-01-21 21:37:49.475955,6,0.09436238526914464,False,False,Small,North,honest,False,False,normal
44,28,4414.958226881632,2026-01-22 06:37:13.396147,7,0.09436238526914464,False,False,Small,North,aggressive,True,False,normal
45,3,3721.4030258875378,2026-01-22 06:42:40.517888,0,0.0,False,True,Small,North,honest,False,False,normal
45,4,3721.4030258875378,2026-01-22 06:47:49.384059,1,0.0,False,False,Small,North,honest,False,False,normal
45,7,3721.4030258875378,2026-01-22 06:51:14.193440,2,0.0,False,False,Small,Central,aggressive,True,False,normal
45,9,4735.239582004778,2026-01-22 07:09:36.885063,3,0.27243395812401816,False,False,Small,Central,aggressive,True,False,normal
45,11,5008.729847268015,2026-01-22 07:30:41.288006,4,0.34592512888964927,False,False,Medium,West,aggressive,False,False,normal
45,19,5473.026806431308,2026-01-22 07:31:21.861086,5,0.47068908375652635,False,False,Small,South,honest,False,False,normal
45,21,6057.898070187125,2026-01-22 07:31:24.494688,6,0.6278532661058241,True,False,Small,West,honest,False,False,normal
45,24,6057.898070187125,2026-01-22 08:35:17.122022,7,0.6278532661058241,False,False,Small,North,honest,False,False,normal
45,25,6057.898070187125,2026-01-22 09:45:20.811005,8,0.6278532661058241,False,False,Small,East,honest,False,False,normal
46,4,3660.687047519782,2026-01-22 05:06:25.003738,0,0.0,False,False,Small,North,honest,False,False,normal
46,5,4678.7447121604555,2026-01-22 05:14:09.254208,1,0.27810562646441905,False,False,Medium,Central,aggressive,False,False,normal
46,6,4842.24741975164,2026-01-22 05:19:01.675539,2,0.32277011306727205,False,False,Medium,South,honest,False,False,normal
46,8,4842.24741975164,2026-01-22 05:39:39.533897,3,0.32277011306727205,False,False,Small,South,honest,False,False,normal
46,23,4842.24741975164,2026-01-22 06:23:51.402359,4,0.32277011306727205,False,False,Small,North,aggressive,True,False,normal
46,29,4962.418759344477,2026-01-22 07:31:32.459227,5,0.35559765009321254,False,False,Small,North,honest,False,False,normal
46,30,5121.497119659821,2026-01-22 09:55:36.274802,6,0.3990535255205108,True,False,Medium,South,honest,False,False,normal
47,7,3598.194767573572,2026-01-21 19:53:30.703305,0,0.0,False,False,Small,Central,aggressive,True,True,normal
47,14,5260.55642908735,2026-01-21 19:58:53.261357,1,0.46199879909079655,False,False,Small,East,aggressive,True,True,normal
47,23,5260.55642908735,2026-01-21 20:28:22.524145,2,0.46199879909079655,False,False,Small,North,aggressive,True,True,normal
47,30,5361.454197907551,2026-01-22 01:47:40.408893,3,0.49004001846265427,True,False,Medium,South,honest,False,True,normal
48,2,3562.8584029236554,2026-01-21 23:56:47.331978,0,0.0,False,False,Small,North,aggressive,False,False,normal
48,9,4573.784093072546,2026-01-22 00:04:14.673034,1,0.28374006929922685,False,False,Small,Central,aggressive,True,False,normal
48,11,4827.870464003444,2026-01-22 00:26:54.783100,2,0.3550553847556021,False,True,Medium,West,aggressive,False,False,normal
48,13,4827.870464003444,2026-01-22 01:03:57.521991,3,0.3550553847556021,False,False,Medium,Central,honest,False,False,normal
48,16,4827.870464003444,2026-01-22 04:00:20.548847,4,0.3550553847556021,False,True,Small,South,aggressive,True,False,normal
48,17,4827.870464003444,2026-01-22 07:24:22.913195,5,0.3550553847556021,False,False,Large,North,honest,False,False,normal
48,23,4827.870464003444,2026-01-22 07:30:44.199392,6,0.3550553847556021,False,False,Small,North,aggressive,True,False,normal
48,27,5768.827412156868,2026-01-22 08:21:16.208500,7,0.6191570811298622,False,True,Small,Central,collusive-prone,True,False,normal
48,28,5768.827412156868,2026-01-22 08:57:08.934396,8,0.6191570811298622,True,False,Small,North,aggressive,True,False,normal
49,1,4305.578697957294,2026-01-22 01:29:01.502174,0,0.17110557683580824,False,False,Small,South,honest,False,False,normal
49,6,4404.664036973778,2026-01-22 01:37:58.759978,1,0.19805651682441508,False,False,Medium,South,honest,False,False,normal
49,7,4404.664036973778,2026-01-22 02:04:45.948275,2,0.19805651682441508,False,False,Small,Central,aggressive,True,False,normal
49,8,4404.664036973778,2026-01-22 02:27:34.084474,3,0.19805651682441508,False,False,Small,South,honest,False,False,normal
49,9,5662.058562536091,2026-01-22 02:36:18.365592,4,0.540064373252045,False,False,Small,Central,aggressive,True,False,normal
49,12,5662.058562536091,2026-01-22 02:40:49.427329,5,0.540064373252045,False,False,Small,West,honest,False,False,normal
49,13,5662.058562536091,2026-01-22 03:25:36.633145,6,0.540064373252045,False,False,Medium,Central,honest,False,False,normal
49,22,6425.608237276957,2026-01-22 04:39:29.677758,7,0.7477477870297172,False,False,Small,North,honest,False,False,normal
49,30,6599.5290838051815,2026-01-22 05:04:17.167452,8,0.7950537794608485,True,False,Medium,South,honest,False,False,normal
50,1,4206.211460221529,2026-01-21 22:51:25.558338,0,0.14486561760356925,False,False,Small,South,honest,False,False,low
50,2,4206.211460221529,2026-01-21 23:21:05.912138,1,0.14486561760356925,False,False,Small,North,aggressive,False,False,low
50,6,4293.677899184047,2026-01-21 23:40:25.645270,2,0.16867262769077365,True,False,Medium,South,honest,False,False,low
50,12,4293.677899184047,2026-01-22 01:15:18.426043,3,0.16867262769077365,False,False,Small,West,honest,False,False,low
50,27,4870.127660854018,2026-01-22 02:17:57.864240,4,0.32557332530262495,False,True,Small,Central,collusive-prone,True,False,low
